post_ids,slug,topic,semantic,old_url,new_key,new_url,status
7,beijing-daxing-airport-curved-baffle-cladding,ceiling-grid-baffle,beijing-airport-baffle-1,https://prancebuilding.com/lifisher-m4842/1782288890933-beijing-airport-retail-store-curved-baffle-cladding-project-3.jpg,blog/ceiling-grid-baffle/beijing-airport-baffle-1-071f3e.jpg,https://file.meiyualuminum.com/blog/ceiling-grid-baffle/beijing-airport-baffle-1-071f3e.jpg,uploaded
7,beijing-daxing-airport-curved-baffle-cladding,ceiling-grid-baffle,beijing-airport-baffle-2,https://prancebuilding.com/lifisher-m4842/1782288887485-beijing-airport-retail-store-curved-baffle-cladding-project-2.jpg,,,planned
7,beijing-daxing-airport-curved-baffle-cladding,ceiling-grid-baffle,beijing-airport-baffle-3,https://prancebuilding.com/lifisher-m4842/1782288884558-beijing-airport-retail-store-curved-baffle-cladding-project-1.jpg,,,planned
7,beijing-daxing-airport-curved-baffle-cladding,ceiling-grid-baffle,beijing-airport-baffle-4,https://prancebuilding.com/lifisher-m4842/1782288893521-beijing-airport-retail-store-curved-baffle-cladding-project-4.jpg,,,planned
8,hong-kong-airport-honeycomb-wall-baffle-ceiling,wall-panel,hk-airport-honeycomb-1,https://prancebuilding.com/lifisher-m4842/1780036040852-hong-kong-international-airport-terminal-1-profile-baffle-ceiling-project-1.jpg,blog/wall-panel/hk-airport-honeycomb-1-a89471.jpg,https://file.meiyualuminum.com/blog/wall-panel/hk-airport-honeycomb-1-a89471.jpg,uploaded
8,hong-kong-airport-honeycomb-wall-baffle-ceiling,wall-panel,hk-airport-honeycomb-2,https://prancebuilding.com/lifisher-m4842/1781772086419-hong-kong-airport-honeycomb-wall-cladding-and-baffle-ceiling-project-20.jpg,blog/wall-panel/hk-airport-honeycomb-2-754c38.jpg,https://file.meiyualuminum.com/blog/wall-panel/hk-airport-honeycomb-2-754c38.jpg,uploaded
8,hong-kong-airport-honeycomb-wall-baffle-ceiling,wall-panel,hk-airport-honeycomb-3,https://prancebuilding.com/lifisher-m4842/1781772077244-hong-kong-airport-honeycomb-wall-cladding-and-baffle-ceiling-project-14.jpg,blog/wall-panel/hk-airport-honeycomb-3-339a8c.jpg,https://file.meiyualuminum.com/blog/wall-panel/hk-airport-honeycomb-3-339a8c.jpg,uploaded
8,hong-kong-airport-honeycomb-wall-baffle-ceiling,wall-panel,hk-airport-honeycomb-4,https://prancebuilding.com/lifisher-m4842/1781772063441-hong-kong-airport-honeycomb-wall-cladding-and-baffle-ceiling-project-5.jpg,blog/wall-panel/hk-airport-honeycomb-4-c7e4a3.jpg,https://file.meiyualuminum.com/blog/wall-panel/hk-airport-honeycomb-4-c7e4a3.jpg,uploaded
8,hong-kong-airport-honeycomb-wall-baffle-ceiling,wall-panel,hk-airport-honeycomb-5,https://prancebuilding.com/lifisher-m4842/1781772061702-hong-kong-airport-honeycomb-wall-cladding-and-baffle-ceiling-project-4.jpg,blog/wall-panel/hk-airport-honeycomb-5-b1eba0.jpg,https://file.meiyualuminum.com/blog/wall-panel/hk-airport-honeycomb-5-b1eba0.jpg,uploaded
8,hong-kong-airport-honeycomb-wall-baffle-ceiling,wall-panel,hk-airport-honeycomb-6,https://prancebuilding.com/lifisher-m4842/1781772060294-hong-kong-airport-honeycomb-wall-cladding-and-baffle-ceiling-project-3.jpg,blog/wall-panel/hk-airport-honeycomb-6-2864f8.jpg,https://file.meiyualuminum.com/blog/wall-panel/hk-airport-honeycomb-6-2864f8.jpg,uploaded
8,hong-kong-airport-honeycomb-wall-baffle-ceiling,wall-panel,hk-airport-honeycomb-7,https://prancebuilding.com/lifisher-m4842/1781774115109-hong-kong-airport-honeycomb-wall-cladding-and-profile-baffle-ceiling-project-1.jpg,blog/wall-panel/hk-airport-honeycomb-7-6c8850.jpg,https://file.meiyualuminum.com/blog/wall-panel/hk-airport-honeycomb-7-6c8850.jpg,uploaded
9,singapore-changi-airport-perforated-panel,acoustic-ceiling,changi-perforated-panel-1,https://prancebuilding.com/lifisher-m4842/1760579215486-singapore-changi-airport-perforated-aluminum-panel-project-11.jpg,blog/acoustic-ceiling/changi-perforated-panel-1-30d54f.jpg,https://file.meiyualuminum.com/blog/acoustic-ceiling/changi-perforated-panel-1-30d54f.jpg,uploaded
9,singapore-changi-airport-perforated-panel,acoustic-ceiling,changi-perforated-panel-2,https://prancebuilding.com/lifisher-m4842/1760579205502-singapore-changi-airport-perforated-aluminum-panel-project-3.jpg,blog/acoustic-ceiling/changi-perforated-panel-2-0fb0df.jpg,https://file.meiyualuminum.com/blog/acoustic-ceiling/changi-perforated-panel-2-0fb0df.jpg,uploaded
9,singapore-changi-airport-perforated-panel,acoustic-ceiling,changi-perforated-panel-3,https://prancebuilding.com/lifisher-m4842/1760579207407-singapore-changi-airport-perforated-aluminum-panel-project-5.jpg,blog/acoustic-ceiling/changi-perforated-panel-3-b97d02.jpg,https://file.meiyualuminum.com/blog/acoustic-ceiling/changi-perforated-panel-3-b97d02.jpg,uploaded
9,singapore-changi-airport-perforated-panel,acoustic-ceiling,changi-perforated-panel-4,https://prancebuilding.com/lifisher-m4842/1762305671643-singapore-changi-airport-perforated-aluminum-panel-project-8.jpg,blog/acoustic-ceiling/changi-perforated-panel-4-dc4d63.jpg,https://file.meiyualuminum.com/blog/acoustic-ceiling/changi-perforated-panel-4-dc4d63.jpg,uploaded
9,singapore-changi-airport-perforated-panel,acoustic-ceiling,changi-perforated-panel-5,https://prancebuilding.com/lifisher-m4842/1760579193245-singapore-changi-airport-perforated-aluminum-panel-project-1.jpg,blog/acoustic-ceiling/changi-perforated-panel-5-84b7aa.jpg,https://file.meiyualuminum.com/blog/acoustic-ceiling/changi-perforated-panel-5-84b7aa.jpg,uploaded
9,singapore-changi-airport-perforated-panel,acoustic-ceiling,changi-perforated-panel-6,https://prancebuilding.com/lifisher-m4842/1760579204537-singapore-changi-airport-perforated-aluminum-panel-project-2.jpg,blog/acoustic-ceiling/changi-perforated-panel-6-d3be5c.jpg,https://file.meiyualuminum.com/blog/acoustic-ceiling/changi-perforated-panel-6-d3be5c.jpg,uploaded
10,istanbul-airport-aluminum-ceiling,metal-ceiling,istanbul-airport-ceiling-1,https://prancebuilding.com/lifisher-m0/1716949365021-720x576turkey-istanbul-airport.jpg,,,planned
11,dubai-emaar-beachfront-metal-ceiling,metal-ceiling,dubai-emaar-ceiling-1,https://prancebuilding.com/lifisher-m0/1776327516736-dubaiemaarbeachfrontbayviewandseapointmetalceilingproject3.jpg,blog/metal-ceiling/dubai-emaar-ceiling-1-70bc0f.jpg,https://file.meiyualuminum.com/blog/metal-ceiling/dubai-emaar-ceiling-1-70bc0f.jpg,uploaded
11,dubai-emaar-beachfront-metal-ceiling,metal-ceiling,dubai-emaar-ceiling-2,https://prancebuilding.com/lifisher-m4842/1777519103537-dubai-emaar-beachfront-bayview-and-seapoint-metal-ceiling-15.jpg,blog/metal-ceiling/dubai-emaar-ceiling-2-f7e3ea.jpg,https://file.meiyualuminum.com/blog/metal-ceiling/dubai-emaar-ceiling-2-f7e3ea.jpg,uploaded
11,dubai-emaar-beachfront-metal-ceiling,metal-ceiling,dubai-emaar-ceiling-3,https://prancebuilding.com/lifisher-m4842/1777519102573-dubai-emaar-beachfront-bayview-and-seapoint-metal-ceiling-9.jpg,blog/metal-ceiling/dubai-emaar-ceiling-3-b2354d.jpg,https://file.meiyualuminum.com/blog/metal-ceiling/dubai-emaar-ceiling-3-b2354d.jpg,uploaded
11,dubai-emaar-beachfront-metal-ceiling,metal-ceiling,dubai-emaar-ceiling-4,https://prancebuilding.com/lifisher-m4842/1777519101377-dubai-emaar-beachfront-bayview-and-seapoint-metal-ceiling-2.jpg,blog/metal-ceiling/dubai-emaar-ceiling-4-7a1410.jpg,https://file.meiyualuminum.com/blog/metal-ceiling/dubai-emaar-ceiling-4-7a1410.jpg,uploaded
11,dubai-emaar-beachfront-metal-ceiling,metal-ceiling,dubai-emaar-ceiling-5,https://prancebuilding.com/lifisher-m4842/1777519101219-dubai-emaar-beachfront-bayview-and-seapoint-metal-ceiling-1.jpg,blog/metal-ceiling/dubai-emaar-ceiling-5-f59aed.jpg,https://file.meiyualuminum.com/blog/metal-ceiling/dubai-emaar-ceiling-5-f59aed.jpg,uploaded
11,dubai-emaar-beachfront-metal-ceiling,metal-ceiling,dubai-emaar-ceiling-6,https://prancebuilding.com/lifisher-m4842/1777519102093-dubai-emaar-beachfront-bayview-and-seapoint-metal-ceiling-6.jpg,blog/metal-ceiling/dubai-emaar-ceiling-6-6a70fe.jpg,https://file.meiyualuminum.com/blog/metal-ceiling/dubai-emaar-ceiling-6-6a70fe.jpg,uploaded
11,dubai-emaar-beachfront-metal-ceiling,metal-ceiling,dubai-emaar-ceiling-7,https://prancebuilding.com/lifisher-m0/1716949424838-720x576dubai-emaar.jpg,,,planned
12,haikou-hongyuan-hotel-aluminum-ceiling,metal-ceiling,haikou-hongyuan-ceiling-1,https://prancebuilding.com/lifisher-m4842/1762420356721-hongyuan-hotel-aluminum-ceiling-and-cladding-6.jpg,blog/metal-ceiling/haikou-hongyuan-ceiling-1-0e8bea.jpg,https://file.meiyualuminum.com/blog/metal-ceiling/haikou-hongyuan-ceiling-1-0e8bea.jpg,uploaded
12,haikou-hongyuan-hotel-aluminum-ceiling,metal-ceiling,haikou-hongyuan-ceiling-2,https://prancebuilding.com/lifisher-m4842/1762420271541-hongyuan-hotel-aluminum-ceiling-and-cladding-12.jpg,blog/metal-ceiling/haikou-hongyuan-ceiling-2-35d0d2.jpg,https://file.meiyualuminum.com/blog/metal-ceiling/haikou-hongyuan-ceiling-2-35d0d2.jpg,uploaded
12,haikou-hongyuan-hotel-aluminum-ceiling,metal-ceiling,haikou-hongyuan-ceiling-3,https://prancebuilding.com/lifisher-m4842/1762420117415-hongyuan-hotel-aluminum-ceiling-and-cladding-8.jpg,blog/metal-ceiling/haikou-hongyuan-ceiling-3-f81eb4.jpg,https://file.meiyualuminum.com/blog/metal-ceiling/haikou-hongyuan-ceiling-3-f81eb4.jpg,uploaded
12,haikou-hongyuan-hotel-aluminum-ceiling,metal-ceiling,haikou-hongyuan-ceiling-4,https://prancebuilding.com/lifisher-m4842/1762420504935-hongyuan-hotel-aluminum-ceiling-and-cladding-14.jpg,blog/metal-ceiling/haikou-hongyuan-ceiling-4-f660fc.jpg,https://file.meiyualuminum.com/blog/metal-ceiling/haikou-hongyuan-ceiling-4-f660fc.jpg,uploaded
12,haikou-hongyuan-hotel-aluminum-ceiling,metal-ceiling,haikou-hongyuan-ceiling-5,https://prancebuilding.com/lifisher-m4842/1762420225615-hongyuan-hotel-aluminum-ceiling-and-cladding-13.jpg,blog/metal-ceiling/haikou-hongyuan-ceiling-5-2f8f72.jpg,https://file.meiyualuminum.com/blog/metal-ceiling/haikou-hongyuan-ceiling-5-2f8f72.jpg,uploaded
12,haikou-hongyuan-hotel-aluminum-ceiling,metal-ceiling,haikou-hongyuan-ceiling-6,https://prancebuilding.com/lifisher-m4842/1762420777095-hongyuan-hotel-aluminum-ceiling-and-cladding-3.jpg,blog/metal-ceiling/haikou-hongyuan-ceiling-6-959453.jpg,https://file.meiyualuminum.com/blog/metal-ceiling/haikou-hongyuan-ceiling-6-959453.jpg,uploaded
12,haikou-hongyuan-hotel-aluminum-ceiling,metal-ceiling,haikou-hongyuan-ceiling-7,https://prancebuilding.com/lifisher-m0/1716949428857-720x576haikou-hongyuan-hotel.jpg,,,planned
13,haikou-duty-free-plaza-metal-ceiling,metal-ceiling,haikou-dutyfree-ceiling-1,https://prancebuilding.com/lifisher-m0/1716949448585-720x576haikou-duty-free.jpg,,,planned
14,shenzhen-mixc-triangle-metal-panel,metal-panel,shenzhen-mixc-panel-1,https://prancebuilding.com/lifisher-m4842/1763024262298-shopping-mall-triangular-metal-great-wall-panel-project-8.jpg,blog/metal-panel/shenzhen-mixc-panel-1-a9ff1f.jpg,https://file.meiyualuminum.com/blog/metal-panel/shenzhen-mixc-panel-1-a9ff1f.jpg,uploaded
14,shenzhen-mixc-triangle-metal-panel,metal-panel,shenzhen-mixc-panel-2,https://prancebuilding.com/lifisher-m4842/1763024260453-shopping-mall-triangular-metal-great-wall-panel-project-6.jpg,blog/metal-panel/shenzhen-mixc-panel-2-8ee922.jpg,https://file.meiyualuminum.com/blog/metal-panel/shenzhen-mixc-panel-2-8ee922.jpg,uploaded
14,shenzhen-mixc-triangle-metal-panel,metal-panel,shenzhen-mixc-panel-3,https://prancebuilding.com/lifisher-m4842/1763024255924-shopping-mall-triangular-metal-great-wall-panel-project-2.jpg,blog/metal-panel/shenzhen-mixc-panel-3-ec188e.jpg,https://file.meiyualuminum.com/blog/metal-panel/shenzhen-mixc-panel-3-ec188e.jpg,uploaded
14,shenzhen-mixc-triangle-metal-panel,metal-panel,shenzhen-mixc-panel-4,https://prancebuilding.com/lifisher-m4842/1763024257041-shopping-mall-triangular-metal-great-wall-panel-project-3.jpg,blog/metal-panel/shenzhen-mixc-panel-4-b4f645.jpg,https://file.meiyualuminum.com/blog/metal-panel/shenzhen-mixc-panel-4-b4f645.jpg,uploaded
14,shenzhen-mixc-triangle-metal-panel,metal-panel,shenzhen-mixc-panel-5,https://prancebuilding.com/lifisher-m0/1716949441741-720x576shenzhen-mixc.jpg,,,planned
15,shenzhen-oppo-headquarters-facade,facade-cladding,shenzhen-oppo-facade-1,https://prancebuilding.com/lifisher-m0/1733300458502-1.jpg,blog/facade-cladding/shenzhen-oppo-facade-1-380421.jpg,https://file.meiyualuminum.com/blog/facade-cladding/shenzhen-oppo-facade-1-380421.jpg,uploaded
15,shenzhen-oppo-headquarters-facade,facade-cladding,shenzhen-oppo-facade-2,https://prancebuilding.com/lifisher-m0/1733295120340-2-1.jpg,blog/facade-cladding/shenzhen-oppo-facade-2-12ded3.jpg,https://file.meiyualuminum.com/blog/facade-cladding/shenzhen-oppo-facade-2-12ded3.jpg,uploaded
15,shenzhen-oppo-headquarters-facade,facade-cladding,shenzhen-oppo-facade-3,https://prancebuilding.com/lifisher-m0/1733302916664-.jpg,blog/facade-cladding/shenzhen-oppo-facade-3-6746d3.jpg,https://file.meiyualuminum.com/blog/facade-cladding/shenzhen-oppo-facade-3-6746d3.jpg,uploaded
15,shenzhen-oppo-headquarters-facade,facade-cladding,shenzhen-oppo-facade-4,https://prancebuilding.com/lifisher-m0/1733302944280-.jpg,blog/facade-cladding/shenzhen-oppo-facade-4-7a9121.jpg,https://file.meiyualuminum.com/blog/facade-cladding/shenzhen-oppo-facade-4-7a9121.jpg,uploaded
15,shenzhen-oppo-headquarters-facade,facade-cladding,shenzhen-oppo-facade-5,https://prancebuilding.com/lifisher-m0/1733364257990-.jpg,blog/facade-cladding/shenzhen-oppo-facade-5-e58a7a.jpg,https://file.meiyualuminum.com/blog/facade-cladding/shenzhen-oppo-facade-5-e58a7a.jpg,uploaded
15,shenzhen-oppo-headquarters-facade,facade-cladding,shenzhen-oppo-facade-6,https://prancebuilding.com/lifisher-m4842/1741080768672-3d.jpg,blog/facade-cladding/shenzhen-oppo-facade-6-4641b8.jpg,https://file.meiyualuminum.com/blog/facade-cladding/shenzhen-oppo-facade-6-4641b8.jpg,uploaded
15,shenzhen-oppo-headquarters-facade,facade-cladding,shenzhen-oppo-facade-7,https://prancebuilding.com/lifisher-m0/1733365242070-2.jpg,blog/facade-cladding/shenzhen-oppo-facade-7-89f036.jpg,https://file.meiyualuminum.com/blog/facade-cladding/shenzhen-oppo-facade-7-89f036.jpg,uploaded
15,shenzhen-oppo-headquarters-facade,facade-cladding,shenzhen-oppo-facade-8,https://prancebuilding.com/lifisher-m4842/1779848607538-china-shenzhen-oppo-headquarters-building-project-1.jpg,,,planned
16,baghdad-modern-facade-project,facade-cladding,baghdad-facade-1,https://prancebuilding.com/lifisher-m0/1716949468622-720x576baghdad-iraq.jpg,,,planned
17,moisture-resistant-acoustic-ceiling-tiles-humid-rooms,metal-ceiling,humid-metal-ceiling-1,https://prancebuilding.com/lifisher-m4842/1761014736206-metal-drop-ceiling.jpg,blog/metal-ceiling/humid-metal-ceiling-1-5270a1.jpg,https://file.meiyualuminum.com/blog/metal-ceiling/humid-metal-ceiling-1-5270a1.jpg,uploaded
17,moisture-resistant-acoustic-ceiling-tiles-humid-rooms,metal-ceiling,humid-metal-ceiling-2,https://prancebuilding.com/lifisher-m4842/1752136084829-how-do-metal-ceilings-perform-in-high-humidity-coastal-areas.jpg,blog/metal-ceiling/humid-metal-ceiling-2-df3c58.jpg,https://file.meiyualuminum.com/blog/metal-ceiling/humid-metal-ceiling-2-df3c58.jpg,uploaded
17,moisture-resistant-acoustic-ceiling-tiles-humid-rooms,metal-ceiling,humid-metal-ceiling-3,https://prancebuilding.com/lifisher-m0/1758856859303-metal-ceiling-design-molding-3.jpg,blog/metal-ceiling/humid-metal-ceiling-3-a08f3c.jpg,https://file.meiyualuminum.com/blog/metal-ceiling/humid-metal-ceiling-3-a08f3c.jpg,uploaded
17,moisture-resistant-acoustic-ceiling-tiles-humid-rooms,metal-ceiling,humid-metal-ceiling-4,https://prancebuilding.com/lifisher-m4842/1766373364590-special-metal-work-3.jpg,blog/metal-ceiling/humid-metal-ceiling-4-ed7114.jpg,https://file.meiyualuminum.com/blog/metal-ceiling/humid-metal-ceiling-4-ed7114.jpg,uploaded
17,moisture-resistant-acoustic-ceiling-tiles-humid-rooms,metal-ceiling,humid-metal-ceiling-5,https://prancebuilding.com/lifisher-m0/1758764806410-metal-suspended-ceiling-1.jpg,blog/metal-ceiling/humid-metal-ceiling-5-13fbd6.jpg,https://file.meiyualuminum.com/blog/metal-ceiling/humid-metal-ceiling-5-13fbd6.jpg,uploaded
18,tree-of-life-aluminum-feature-canada-golf-club,projects,tree-life-feature-canada-1,https://prancebuilding.com/lifisher-m4842/1776407555829-tree-of-life.jpg,blog/projects/tree-life-feature-canada-1-f3edcc.jpg,https://file.meiyualuminum.com/blog/projects/tree-life-feature-canada-1-f3edcc.jpg,uploaded
18,tree-of-life-aluminum-feature-canada-golf-club,projects,tree-life-feature-canada-2,https://prancebuilding.com/lifisher-m4842/1776398165655-canada-golf-club-tree-of-life-clients-design.jpg,blog/projects/tree-life-feature-canada-2-c753ac.jpg,https://file.meiyualuminum.com/blog/projects/tree-life-feature-canada-2-c753ac.jpg,uploaded
18,tree-of-life-aluminum-feature-canada-golf-club,projects,tree-life-feature-canada-3,https://prancebuilding.com/lifisher-m4842/1776398166172-tree-of-life-project-renderings-1.jpg,blog/projects/tree-life-feature-canada-3-53d7ec.jpg,https://file.meiyualuminum.com/blog/projects/tree-life-feature-canada-3-53d7ec.jpg,uploaded
18,tree-of-life-aluminum-feature-canada-golf-club,projects,tree-life-feature-canada-4,https://prancebuilding.com/lifisher-m4842/1776398166439-tree-of-life-project-renderings-2.jpg,blog/projects/tree-life-feature-canada-4-0e7514.jpg,https://file.meiyualuminum.com/blog/projects/tree-life-feature-canada-4-0e7514.jpg,uploaded
18,tree-of-life-aluminum-feature-canada-golf-club,projects,tree-life-feature-canada-5,https://prancebuilding.com/lifisher-m4842/1776398166713-tree-of-life-project-renderings-3.jpg,blog/projects/tree-life-feature-canada-5-4c2342.jpg,https://file.meiyualuminum.com/blog/projects/tree-life-feature-canada-5-4c2342.jpg,uploaded
18,tree-of-life-aluminum-feature-canada-golf-club,projects,tree-life-feature-canada-6,https://prancebuilding.com/lifisher-m4842/1776398167262-tree-of-life-project-renderings-5.jpg,blog/projects/tree-life-feature-canada-6-485563.jpg,https://file.meiyualuminum.com/blog/projects/tree-life-feature-canada-6-485563.jpg,uploaded
18,tree-of-life-aluminum-feature-canada-golf-club,projects,tree-life-feature-canada-7,https://prancebuilding.com/lifisher-m4842/1776398168212-1.jpg,blog/projects/tree-life-feature-canada-7-608378.jpg,https://file.meiyualuminum.com/blog/projects/tree-life-feature-canada-7-608378.jpg,uploaded
18,tree-of-life-aluminum-feature-canada-golf-club,projects,tree-life-feature-canada-8,https://prancebuilding.com/lifisher-m4842/1776398168631-2.jpg,blog/projects/tree-life-feature-canada-8-4db392.jpg,https://file.meiyualuminum.com/blog/projects/tree-life-feature-canada-8-4db392.jpg,uploaded
18,tree-of-life-aluminum-feature-canada-golf-club,projects,tree-life-feature-canada-9,https://prancebuilding.com/lifisher-m4842/1776398167512-tree-of-life-project-trial-assembly-1.jpg,blog/projects/tree-life-feature-canada-9-32f4cd.jpg,https://file.meiyualuminum.com/blog/projects/tree-life-feature-canada-9-32f4cd.jpg,uploaded
18,tree-of-life-aluminum-feature-canada-golf-club,projects,tree-life-feature-canada-10,https://prancebuilding.com/lifisher-m4842/1776398167757-tree-of-life-project-trial-assembly-2.jpg,blog/projects/tree-life-feature-canada-10-e88966.jpg,https://file.meiyualuminum.com/blog/projects/tree-life-feature-canada-10-e88966.jpg,uploaded
18,tree-of-life-aluminum-feature-canada-golf-club,projects,tree-life-feature-canada-11,https://prancebuilding.com/lifisher-m4842/1776398165098-canada-golf-club-tree-of-life-production-1.jpg,blog/projects/tree-life-feature-canada-11-80fa58.jpg,https://file.meiyualuminum.com/blog/projects/tree-life-feature-canada-11-80fa58.jpg,uploaded
18,tree-of-life-aluminum-feature-canada-golf-club,projects,tree-life-feature-canada-12,https://prancebuilding.com/lifisher-m4842/1776398165389-canada-golf-club-tree-of-life-production-2.jpg,blog/projects/tree-life-feature-canada-12-286dda.jpg,https://file.meiyualuminum.com/blog/projects/tree-life-feature-canada-12-286dda.jpg,uploaded
18,tree-of-life-aluminum-feature-canada-golf-club,projects,tree-life-feature-canada-13,https://prancebuilding.com/lifisher-m4842/1778050401120-tree-of-life-5.jpg,blog/projects/tree-life-feature-canada-13-542416.jpg,https://file.meiyualuminum.com/blog/projects/tree-life-feature-canada-13-542416.jpg,uploaded
18,tree-of-life-aluminum-feature-canada-golf-club,projects,tree-life-feature-canada-14,https://prancebuilding.com/lifisher-m4842/1776398251183-01.jpg,blog/projects/tree-life-feature-canada-14-7249d0.jpg,https://file.meiyualuminum.com/blog/projects/tree-life-feature-canada-14-7249d0.jpg,uploaded
